Palabra,Frecuencia
store,365
service,358
restaurant,294
supplier,246
shop,176
school,126
dealer,97
club,93
company,88
center,88
equipment,82
repair,74
agency,73
office,72
manufacturer,70
wholesaler,66
rental,65
supply,58
contractor,49
church,48
department,46
food,41
home,36
public,35
water,35
clinic,34
consultant,33
services,32
station,31
auto,30
care,30
engineer,29
furniture,28
car,28
health,27
bar,27
farm,27
park,26
area,26
machine,26
court,25
museum,25
house,25
medical,24
instructor,24
plant,24
association,24
sports,24
&,23
organization,23
building,22
market,22
estate,21
attorney,21
's,20
goods,20
clothing,20
exporter,19
products,19
used,18
construction,18
hall,18
metal,18
facility,17
real,17
city,17
state,17
cleaning,16
surgeon,16
swimming,16
gas,16
music,16
video,16
motorcycle,15
training,15
medicine,15
hospital,15
industrial,15
theater,15
studio,15
builder,15
computer,15
housing,15
japanese,15
glass,14
insurance,14
pool,14
bank,14
art,14
pet,14
fishing,14
parts,13
business,13
air,13
golf,13
government,13
designer,13
chinese,13
security,12
electronics,12
physician,12
field,12
oil,12
room,12
college,12
wholesale,12
grocery,12
agricultural,12
tour,12
book,12
dance,12
municipal,12
hair,11
dental,11
beauty,11
massage,11
spa,11
emergency,11
system,11
centre,11
mobile,11
management,11
vehicle,11
arts,11
boat,11
accessories,11
development,11
pediatric,11
social,11
parking,11
plastic,11
fire,11
education,11
design,11
steel,11
military,11
class,11
transportation,10
electrical,10
truck,10
storage,10
natural,10
tax,10
wedding,10
horse,10
maker,10
cafe,10
ice,10
hot,10
mill,10
american,10
police,10
private,10
fish,10
removal,9
treatment,9
delivery,9
apartment,9
bus,9
trailer,9
broker,9
coffee,9
jewelry,9
family,9
commercial,9
garden,9
outdoor,9
hotel,9
program,9
seafood,9
testing,9
high,9
dog,9
animal,9
university,9
tea,9
game,9
airport,9
indian,9
tennis,9
printing,9
energy,9
language,9
leather,9
childrens,9
train,9
industry,9
faculty,9
window,8
ski,8
therapist,8
employment,8
children,8
firm,8
civil,8
door,8
bicycle,8
stone,8
event,8
course,8
youth,8
institute,8
protection,8
restoration,8
interior,8
law,8
community,8
lighting,8
district,8
entertainment,8
wood,8
ride,8
library,8
beach,8
town,8
machinery,8
academy,8
stop,7
general,7
practitioner,7
shipping,7
party,7
lawn,7
printer,7
movie,7
hunting,7
cooperative,7
indoor,7
installation,7
asian,7
tool,7
wine,7
utility,7
customs,7
',7
piano,7
motor,7
musical,7
rock,7
self,7
appliance,7
ticket,7
bureau,7
adult,7
vending,7
noodle,7
information,7
land,7
power,7
trade,7
model,7
tower,7
korean,6
salon,6
beverage,6
complex,6
environmental,6
safety,6
pizza,6
provider,6
materials,6
property,6
fuel,6
photo,6
lab,6
electric,6
recycling,6
place,6
warehouse,6
research,6
trainer,6
religious,6
camp,6
publisher,6
institution,6
fruit,6
production,6
bathroom,6
takeaway,6
planning,6
lot,6
federal,6
control,6
modern,6
technology,6
instrument,6
volleyball,6
defense,6
barbecue,6
kitchen,6
organic,6
amusement,6
educational,6
product,6
factory,6
marine,6
technical,6
group,6
media,6
skating,6
hockey,6
rice,6
chemical,6
track,6
works,6
national,6
african,6
paper,6
holiday,6
traditional,6
fabric,5
bakery,5
photographer,5
phone,5
moving,5
engineering,5
telecommunications,5
conditioning,5
space,5
carpet,5
meat,5
counselor,5
toy,5
union,5
audio,5
travel,5
planner,5
mountain,5
cosmetics,5
aid,5
gym,5
boarding,5
container,5
body,5
maintenance,5
card,5
dress,5
soccer,5
dairy,5
household,5
rv,5
screen,5
television,5
agent,5
vegetable,5
location,5
chicken,5
photography,5
day,5
dry,5
sauna,5
fashion,5
internet,5
shoe,5
concrete,5
range,5
software,5
advertising,5
french,5
child,5
spot,5
supermarket,5
aircraft,5
vacuum,5
license,5
finance,5
costume,5
veterans,5
history,5
agriculture,5
base,5
surveyor,5
temple,5
solar,5
pond,5
accommodation,5
hire,5
archery,5
synagogue,5
processing,5
spring,5
producer,5
oriental,5
orthodox,5
army,5
livestock,5
road,5
regional,5
iron,5
driver,5
sweets,5
stand,5
mining,5
fair,5
conservatory,5
port,5
pharmacy,4
textile,4
dentist,4
corporate,4
installer,4
distributor,4
cell,4
thai,4
financial,4
heating,4
flooring,4
painting,4
tire,4
marketing,4
buffet,4
mailing,4
mailbox,4
football,4
visual,4
credit,4
alternative,4
charter,4
kiosk,4
watch,4
tattoo,4
yoga,4
physical,4
wellness,4
justice,4
equestrian,4
flower,4
nursery,4
terminal,4
artist,4
boxing,4
personal,4
battery,4
engine,4
women,4
gift,4
riding,4
womens,4
professional,4
mexican,4
christ,4
country,4
chocolate,4
dessert,4
small,4
laser,4
beer,4
support,4
lake,4
cleaner,4
sewing,4
passport,4
accounting,4
county,4
custom,4
student,4
tree,4
operator,4
railroad,4
orthopedic,4
foreign,4
exchange,4
surgical,4
christian,4
floor,4
italian,4
laboratory,4
authority,4
breeder,4
laundry,4
coin,4
appraiser,4
occupational,4
driving,4
inspection,4
luggage,4
pottery,4
historical,4
basketball,4
nursing,4
investment,4
elevator,4
martial,4
gay,4
newspaper,4
ham,4
(,4
us,4
),4
auction,4
frozen,4
shelter,4
athletic,4
deaf,4
eastern,4
aluminum,4
scooter,4
new,4
administration,4
karaoke,4
baseball,4
resort,4
clothes,4
wildlife,4
canoe,4
kayak,4
call,4
line,4
environment,4
european,4
transit,4
memorial,4
western,4
south,4
english,4
hostel,4
booth,4
transport,4
rubber,4
handicraft,4
table,4
rugby,4
site,4
science,4
tourism,4
cosmetic,3
paint,3
inspector,3
wheelchair,3
drug,3
cruise,3
life,3
packaging,3
architecture,3
guard,3
electronic,3
telephone,3
hardware,3
brewery,3
barber,3
practice,3
recreation,3
accountant,3
refrigerator,3
distribution,3
liquor,3
labor,3
trucking,3
venue,3
money,3
fast,3
marriage,3
digital,3
united,3
charging,3
performing,3
garbage,3
collection,3
waste,3
importer,3
fitness,3
produce,3
gravel,3
deli,3
cycling,3
lingerie,3
hairdresser,3
lodging,3
diesel,3
wheel,3
stationery,3
boot,3
dump,3
meeting,3
architectural,3
cabin,3
antique,3
grill,3
income,3
garage,3
cream,3
lunch,3
mental,3
baby,3
funeral,3
remodeler,3
drilling,3
mechanical,3
drinking,3
fountain,3
catholic,3
sitter,3
playground,3
local,3
t-shirt,3
sign,3
rescue,3
shooting,3
upholstery,3
furnace,3
blood,3
landmark,3
takeout,3
architect,3
night,3
chapel,3
cable,3
communication,3
atv,3
students,3
courthouse,3
foot,3
bath,3
tailor,3
foundation,3
tile,3
skin,3
radiator,3
tobacco,3
river,3
crane,3
aromatherapy,3
wash,3
legal,3
vegetarian,3
taxi,3
pump,3
wall,3
sushi,3
lawyer,3
salvage,3
stereo,3
camping,3
vocational,3
landscape,3
piercing,3
curtain,3
hydraulic,3
chamber,3
cement,3
society,3
cemetery,3
souvenir,3
specialized,3
immigration,3
diving,3
parlor,3
stores,3
soup,3
glassware,3
engraver,3
alarm,3
balloon,3
merchant,3
board,3
disability,3
workshop,3
supplies,3
rink,3
sharpening,3
executive,3
bowling,3
tag,3
inn,3
cake,3
skiing,3
fur,3
coat,3
economic,3
drink,3
camera,3
free,3
stadium,3
climbing,3
cultural,3
help,3
surf,3
christmas,3
drum,3
bag,3
russian,3
aviation,3
referral,3
cat,3
gambling,3
ground,3
stamp,3
welding,3
birth,3
box,3
domestic,3
bird,3
league,3
clock,3
scale,3
appliances,3
working,3
chemicals,3
depot,3
knife,3
sailing,3
cold,3
badminton,3
heritage,3
cutting,3
registration,3
detention,3
pharmaceutical,3
wrestling,3
council,3
central,3
international,3
cottage,3
cooking,3
lamp,3
urban,3
chess,3
archive,3
irish,3
engineers,3
nuclear,3
confectionery,3
bmx,3
culture,3
chemistry,3
roller,3
desk,3
gymnasium,3
force,3
olive,3
framework,3
cricket,3
registry,3
smart,3
cotton,3
tank,3
shrine,3
windows,3
smoking,3
traffic,3
flamenco,3
cured,3
mineral,3
nail,2
tinting,2
snowboard,2
convenience,2
locksmith,2
duplication,2
plumbing,2
drainage,2
eye,2
retirement,2
rug,2
bead,2
condominium,2
shredding,2
butcher,2
processor,2
courier,2
preparation,2
filter,2
cocktail,2
taekwondo,2
roofing,2
pathologist,2
caterer,2
convention,2
atm,2
cashing,2
loan,2
mortgage,2
mower,2
preserve,2
dvd,2
methodist,2
jeweler,2
gallery,2
worship,2
meditation,2
therapy,2
criminal,2
bed,2
senior,2
citizen,2
hearing,2
sand,2
builders,2
logistics,2
gun,2
stable,2
florist,2
mechanic,2
make-up,2
perfume,2
basket,2
loss,2
summer,2
mirror,2
cabinet,2
deck,2
insulation,2
masonry,2
learning,2
dj,2
disco,2
welder,2
tourist,2
attraction,2
radio,2
towing,2
pipe,2
breakfast,2
cardiologist,2
sculpture,2
men,2
print,2
ranch,2
ophthalmologist,2
damage,2
bridge,2
well,2
modeling,2
implants,2
tub,2
gastroenterologist,2
farmers,2
frame,2
fabricator,2
shopping,2
mall,2
tune,2
diagnostic,2
accessory,2
donation,2
pulmonologist,2
fertility,2
tractor,2
rehabilitation,2
periodontist,2
material,2
refinishing,2
trading,2
pain,2
log,2
pier,2
embroidery,2
lodge,2
hobby,2
retreat,2
automobile,2
gold,2
dermatologist,2
film,2
networking,2
automation,2
diamond,2
buyer,2
acupuncture,2
gymnastics,2
oral,2
janitorial,2
serviced,2
recreational,2
veterinarian,2
monument,2
records,2
examination,2
molding,2
airbrushing,2
discount,2
middle,2
lottery,2
divorce,2
veterinary,2
yard,2
tuxedo,2
kindergarten,2
drinks,2
airline,2
comic,2
coach,2
x-ray,2
std,2
skateboard,2
feed,2
sheet,2
drafting,2
leasing,2
neurologist,2
steelwork,2
fence,2
compressor,2
liquidator,2
irrigation,2
data,2
commerce,2
biotechnology,2
e-commerce,2
fencing,2
search,2
banking,2
prosthetics,2
live,2
server,2
pub,2
marble,2
kosher,2
paving,2
record,2
maternity,2
dart,2
vineyard,2
dive,2
psychologist,2
drama,2
homeless,2
fusion,2
classes,2
musician,2
outlet,2
fireworks,2
oxygen,2
organisation,2
washer,2
dryer,2
political,2
karate,2
preparatory,2
hookah,2
skate,2
activity,2
archaeological,2
lounge,2
hindu,2
counseling,2
human,2
relations,2
nurse,2
trail,2
head,2
diabetes,2
visa,2
affairs,2
racing,2
psychiatrist,2
rowing,2
countertop,2
asphalt,2
border,2
portable,2
castle,2
race,2
reform,2
fireplace,2
bankruptcy,2
catering,2
brazilian,2
festival,2
softball,2
arena,2
coaching,2
transcription,2
rheumatologist,2
full,2
gospel,2
chimney,2
saw,2
conferencing,2
adoption,2
part,2
native,2
bmw,2
carriage,2
aquarium,2
forklift,2
couture,2
buddhist,2
guitar,2
belt,2
career,2
forestry,2
forest,2
paintball,2
light,2
snowmobile,2
oncologist,2
scuba,2
bike,2
sharing,2
modular,2
yacht,2
tapas,2
aerial,2
first,2
junk,2
poultry,2
resources,2
cheese,2
ferry,2
play,2
german,2
polishing,2
debt,2
stove,2
judo,2
gazebo,2
fiberglass,2
watching,2
boiler,2
little,2
apparel,2
fabrication,2
surplus,2
greek,2
retail,2
rican,2
stage,2
oyster,2
silk,2
conservative,2
sewage,2
disposal,2
tuning,2
bicycles,2
motorcycles,2
stock,2
betting,2
foster,2
instruction,2
solid,2
rest,2
dan,2
doll,2
ballet,2
assistance,2
vista,2
point,2
cinema,2
adventure,2
ceramics,2
hand,2
juvenile,2
package,2
locker,2
mail,2
pony,2
aikido,2
low,2
coal,2
patent,2
zone,2
helicopter,2
kebab,2
rail,2
cattle,2
suzuki,2
certificate,2
optical,2
ballroom,2
foam,2
haute,2
dried,2
southern,2
officer,2
chips,2
exhibition,2
display,2
lessons,2
tofu,2
competition,2
decoration,2
orchid,2
grower,2
strait,2
pavillion,2
sugar,2
automotive,2
cd,2
administrator,2
tools,2
railway,2
toll,2
salsa,2
communications,2
companies,2
sector,2
cider,2
steakhouse,2
squash,2
aboriginal,2
hawaiian,2
wax,2
geological,2
village,2
bpo,2
alcohol,2
residential,2
fmcg,2
polo,2
war,2
manufacturing,2
handicrafts,2
pvc,2
hospitality,2
style,2
opera,2
armed,2
forces,2
australian,2
independent,2
wind,2
feng,2
shui,2
cathedral,2
operated,2
seasonal,2
waterbed,2
donburi,2
waldorf,2
ministry,2
north,2
boys,2
spices,2
sport,2
non,2
nudist,2
armenian,2
higher,2
izakaya,2
sukiyaki,2
shabu,2
assembly,2
pacific,2
british,2
judicial,2
girls,2
secondary,2
frames,2
wool,2
metalware,2
priest,2
barracks,2
dutch,2
hygiene,2
thermal,2
chartered,2
scout,2
reserve,2
tenant,2
typewriter,2
counter,2
open,2
curling,2
sheepskin,2
evening,2
books,2
tempura,2
labour,2
dept,2
treasure,2
stall,2
padel,2
gate,2
ocean,2
checkpoint,2
waxing,1
chiropractor,1
key,1
blinds,1
vitamin,1
supplements,1
bedroom,1
mattress,1
sofa,1
diner,1
renter,1
propane,1
self-storage,1
van,1
audit,1
escort,1
improvement,1
developer,1
hvac,1
duct,1
plumber,1
elementary,1
sporting,1
optometrist,1
lasik,1
ophthalmology,1
optician,1
arboretum,1
paintings,1
coworking,1
virtual,1
exercise,1
internal,1
ward,1
craft,1
vacation,1
campground,1
softening,1
packer,1
fax,1
lamination,1
notary,1
post,1
pediatrician,1
doctor,1
payroll,1
abrasives,1
nazarene,1
conference,1
speech,1
banquet,1
check,1
transfer,1
lender,1
title,1
acupuncturist,1
holistic,1
relationship,1
nutritionist,1
psychotherapist,1
miniature,1
landscaping,1
contact,1
lenses,1
sunglasses,1
disc,1
nature,1
peak,1
pawn,1
peninsula,1
winery,1
change,1
lutheran,1
tai,1
chi,1
laundromat,1
thrift,1
non-profit,1
kennel,1
landscaper,1
snow,1
cannabis,1
dominican,1
baptist,1
pilates,1
beautician,1
extension,1
technician,1
taco,1
website,1
brake,1
transmission,1
alignment,1
greeting,1
agents,1
boutique,1
horseback,1
weight,1
motel,1
freight,1
forwarding,1
siding,1
consignment,1
woodworker,1
waterproofing,1
tutoring,1
mission,1
primary,1
lumber,1
entertainer,1
jesus,1
latter-day,1
saints,1
machining,1
mennonite,1
artisan,1
broadcaster,1
oilfield,1
clerk,1
order,1
heart,1
worker,1
groomer,1
trophy,1
savings,1
tanning,1
charity,1
wesleyan,1
excavating,1
polythene,1
sheeting,1
fried,1
cremation,1
presbyterian,1
upholsterer,1
cleaners,1
episcopal,1
mobility,1
linens,1
alternator,1
cars,1
teeth,1
whitening,1
sunroom,1
bottled,1
purification,1
quilt,1
injury,1
trial,1
orchard,1
bookkeeping,1
obstetrician-gynecologist,1
picture,1
peace,1
pot,1
millwork,1
evangelical,1
hiking,1
garment,1
probation,1
sleep,1
awning,1
island,1
woods,1
bearing,1
scrap,1
promotional,1
mediterranean,1
furnished,1
dormitory,1
donations,1
mover,1
skeet,1
volunteer,1
bagel,1
donut,1
orthodontist,1
rebuilding,1
calvary,1
satellite,1
urgent,1
urologist,1
internist,1
podiatrist,1
closed,1
circuit,1
safe,1
vault,1
cover,1
painter,1
hospice,1
vehicles,1
electrician,1
denture,1
handling,1
chauffeur,1
chevrolet,1
ramen,1
bubble,1
cabins,1
fraternal,1
destination,1
bark,1
dirt,1
mulch,1
graphic,1
masonic,1
collectibles,1
portrait,1
marina,1
firewood,1
auditorium,1
facial,1
surgery,1
plus,1
size,1
protective,1
amphitheater,1
concert,1
bedding,1
aquatic,1
psychic,1
elder,1
gutter,1
taxidermist,1
transplantation,1
statuary,1
endodontist,1
neurosurgeon,1
weigh,1
smog,1
rustic,1
recruiter,1
temp,1
handyman,1
physiatrist,1
granite,1
pest,1
bail,1
bonds,1
juice,1
junkyard,1
decorator,1
shuttle,1
limousine,1
futsal,1
drop-off,1
preschool,1
roasters,1
copy,1
wi-fi,1
osteopath,1
anesthesiologist,1
imaging,1
injection,1
seventh-day,1
adventist,1
creole,1
caribbean,1
cigar,1
retailer,1
assisted,1
living,1
dollar,1
tack,1
grain,1
alteration,1
allergist,1
snack,1
soft,1
detailing,1
bait,1
tent,1
jehovah,1
witness,1
kingdom,1
carpenter,1
debris,1
bodywork,1
dent,1
hygienist,1
radiology,1
organizer,1
mammography,1
mri,1
radiologist,1
novelty,1
scrapbooking,1
herb,1
pretzel,1
ecological,1
recording,1
shed,1
muffler,1
hamburger,1
sandwich,1
dressmaker,1
flight,1
airplane,1
soul,1
paternity,1
wrecker,1
addiction,1
generator,1
burrito,1
latin,1
spanish,1
reclamation,1
rafting,1
raft,1
trip,1
outfitter,1
silversmith,1
sheriff,1
fertilizer,1
seed,1
recovery,1
townhouse,1
editing,1
aggregate,1
ready,1
mix,1
investigator,1
fresh,1
candy,1
cheesesteak,1
laminate,1
running,1
fairground,1
jamaican,1
cafeteria,1
swim,1
proctologist,1
orthotics,1
bay,1
parasailing,1
drive-in,1
septic,1
process,1
ravine,1
vaporizer,1
nutrition,1
candle,1
herbal,1
ramp,1
vegan,1
bistro,1
demolition,1
decal,1
heliport,1
pressure,1
washing,1
director,1
tutor,1
harbor,1
southwestern,1
walk-in,1
gated,1
billiards,1
jeans,1
cart,1
crushed,1
topsoil,1
magician,1
naturalization,1
female,1
researcher,1
reflexologist,1
stucco,1
monogramming,1
vintage,1
function,1
yogurt,1
endocrinologist,1
açaí,1
certified,1
salad,1
sheltered,1
permanent,1
yarn,1
semi,1
conductor,1
agrochemicals,1
pregnancy,1
asbestos,1
dumpling,1
espresso,1
arcade,1
burglar,1
canal,1
zoo,1
escrow,1
powder,1
coating,1
guatemalan,1
peruvian,1
prosthodontist,1
cancer,1
graduate,1
gardener,1
sprinkler,1
copier,1
dock,1
blueprint,1
banner,1
classified,1
ads,1
audiologist,1
ear,1
kickboxing,1
mosque,1
turkish,1
jujitsu,1
muay,1
weightlifting,1
shelving,1
shower,1
erector,1
bridal,1
circular,1
vietnamese,1
scenic,1
homeowners,1
crab,1
assemblies,1
god,1
variety,1
animation,1
web,1
hosting,1
resource,1
consulting,1
administrative,1
arborist,1
e,1
goldsmith,1
fingerprinting,1
racquetball,1
helium,1
translator,1
unemployment,1
copying,1
label,1
copper,1
alley,1
maxillofacial,1
assistant,1
greenhouse,1
hydroponics,1
eyebrow,1
herbalist,1
ambulance,1
eyelash,1
unitarian,1
universalist,1
swimwear,1
observatory,1
wings,1
otolaryngologist,1
insulator,1
screw,1
urology,1
crossing,1
patio,1
enclosure,1
newsstand,1
coats,1
outerwear,1
bouncy,1
montessori,1
otolaryngology,1
paralegal,1
off-road,1
sportswear,1
shaping,1
spiritist,1
ethiopian,1
gluten-free,1
planetarium,1
fastener,1
mine,1
refinery,1
grocer,1
duty,1
non-denominational,1
sunroof,1
dinner,1
kite,1
hypnotherapy,1
alcoholism,1
assessor,1
mazda,1
southeast,1
homeopath,1
naturopathic,1
pentecostal,1
indonesian,1
linoleum,1
animals,1
toilet,1
correctional,1
prison,1
railing,1
refugee,1
metaphysical,1
acoustical,1
pallet,1
invitation,1
scaffolder,1
sweep,1
infrastructure,1
reiki,1
aero,1
bbq,1
suite,1
uniform,1
work,1
congregation,1
neonatal,1
egg,1
stained,1
refuge,1
roading,1
currency,1
aerospace,1
petroleum,1
certification,1
skylight,1
woodworking,1
campus,1
talent,1
time,1
daycare,1
cupcake,1
pastry,1
violin,1
hat,1
news,1
needlework,1
circus,1
bonsai,1
halfway,1
steak,1
shared-use,1
tannery,1
audi,1
ford,1
honda,1
mercedes-benz,1
electrolysis,1
structural,1
alfa,1
romeo,1
exhibit,1
cajun,1
memorabilia,1
hose,1
scaffolding,1
casket,1
coffin,1
mortuary,1
formal,1
wear,1
crêperie,1
astrologer,1
seminary,1
cattery,1
vocal,1
gps,1
mapping,1
earth,1
guidance,1
visitor,1
sod,1
do-it-yourself,1
handcraft,1
ammunition,1
guest,1
barn,1
flea,1
bulb,1
cave,1
stylist,1
thread,1
extensions,1
bartending,1
pho,1
sandblasting,1
motorsports,1
flavours,1
fragrances,1
aroma,1
foreclosure,1
spice,1
gourmet,1
botanical,1
filipino,1
picnic,1
sticker,1
establishment,1
homes,1
poster,1
cookie,1
ghost,1
sightseeing,1
wallpaper,1
apostolic,1
tex-mex,1
handicapped,1
reporting,1
mediation,1
mens,1
promenade,1
west,1
stair,1
neon,1
lymph,1
repairing,1
turf,1
pumps,1
gmc,1
saturn,1
quarry,1
solutions,1
renewable,1
green,1
walker,1
brunch,1
reef,1
answering,1
replacement,1
reformed,1
vascular,1
monastery,1
plasterer,1
eclectic,1
hematologist,1
repairs,1
porsche,1
weather,1
forecast,1
lapidary,1
pen,1
flag,1
pie,1
drivers,1
sanding,1
double,1
glazing,1
glazier,1
valet,1
casino,1
batting,1
cage,1
wetland,1
abortion,1
hiv,1
wig,1
brick,1
gastrointestinal,1
special,1
protestant,1
defender,1
related,1
diabetologist,1
palace,1
detecting,1
civic,1
singaporean,1
hunan,1
pan-asian,1
salvadoran,1
photocopiers,1
popcorn,1
halal,1
logs,1
orchestra,1
figurine,1
pit,1
puerto,1
nuevo,1
latino,1
volkswagen,1
exploration,1
moped,1
anglican,1
chinaware,1
cutlery,1
waterfall,1
aquaculture,1
distributary,1
east,1
toner,1
cartridge,1
basin,1
homestay,1
registered,1
messianic,1
incense,1
kung,1
fu,1
ridge,1
unity,1
handbags,1
homeopathic,1
poke,1
containers,1
propeller,1
futon,1
auditor,1
sanitation,1
apartments,1
maritime,1
finisher,1
cellar,1
polygraph,1
californian,1
distillery,1
sailmaker,1
gynecologist,1
rectory,1
envelope,1
band,1
soba,1
udon,1
cuban,1
measuring,1
instruments,1
gurudwara,1
ink,1
refill,1
non-governmental,1
timeshare,1
refurbishment,1
colombian,1
retaining,1
roadside,1
telescope,1
tropical,1
foursquare,1
reptile,1
customer,1
fixed-base,1
buick,1
racecourse,1
stamping,1
dialysis,1
refrigeration,1
vinyl,1
comedy,1
taiwanese,1
extended,1
stay,1
chalet,1
immunologist,1
blacksmith,1
brewpub,1
villa,1
pumpkin,1
patch,1
recruiting,1
fortress,1
navy,1
biofeedback,1
channel,1
bingo,1
wrap,1
threads,1
yarns,1
psychiatric,1
plating,1
pasta,1
resident,1
weddings,1
bottle,1
redemption,1
jeep,1
cylinders,1
dating,1
singles,1
whale,1
teacher,1
pakistani,1
brasserie,1
midwife,1
holding,1
self-catering,1
nephrologist,1
cadillac,1
mandarin,1
jazz,1
topper,1
direct,1
baking,1
freestyle,1
makerspace,1
alcoholic,1
brewing,1
winemaking,1
microwave,1
oven,1
second,1
ecuadorian,1
culinary,1
plates,1
carpool,1
carport,1
pergola,1
friendly,1
chrysler,1
dodge,1
magic,1
plaza,1
ceiling,1
perfumes,1
policlinic,1
theme,1
heat,1
treating,1
emission,1
shipyard,1
honey,1
plywood,1
psychoanalyst,1
gastropub,1
naval,1
residents,1
doner,1
gyro,1
shawarma,1
firearms,1
licensing,1
haunted,1
auctioneer,1
fine,1
dining,1
bookbinder,1
laminating,1
hoagie,1
nut,1
quaker,1
nissan,1
lesbian,1
maserati,1
geotechnical,1
soil,1
acrylic,1
mausoleum,1
convent,1
escape,1
eftpos,1
yamaha,1
aged,1
abuse,1
mfr,1
interchange,1
kerosene,1
lebanese,1
etching,1
neapolitan,1
blower,1
observation,1
billing,1
tribal,1
headquarters,1
minibus,1
genesis,1
outboard,1
seller,1
alliance,1
allotment,1
database,1
dude,1
ferrari,1
honduran,1
laotian,1
rodeo,1
vital,1
driveshaft,1
craniosacral,1
go-kart,1
magistrates,1
forensic,1
contemporary,1
louisiana,1
saddlery,1
substation,1
pick,1
telemarketing,1
artificial,1
subaru,1
toyota,1
reporter,1
examiner,1
lexus,1
short,1
term,1
barrister,1
claims,1
parish,1
hispanic,1
organiser,1
sanitary,1
amish,1
scientific,1
surveying,1
torta,1
tamale,1
mitsubishi,1
blast,1
subway,1
metallurgy,1
finishing,1
locks,1
stool,1
reproductive,1
mixing,1
pass,1
fighters,1
perinatal,1
portuguese,1
hip,1
hop,1
genealogist,1
shack,1
fruits,1
residence,1
wheelchair-accessible,1
consulate,1
associations,1
playgroup,1
milk,1
reservoir,1
notable,1
street,1
highway,1
patrol,1
suppliers,1
cliff,1
mathematics,1
gasfitter,1
parkour,1
jaguar,1
rover,1
calligraphy,1
lesson,1
image,1
resume,1
network,1
orthoptist,1
conservation,1
ram,1
import,1
export,1
venture,1
capital,1
learner,1
diaper,1
mehndi,1
fiber,1
optic,1
carving,1
argentinian,1
manufactured,1
transporter,1
pinatas,1
authentic,1
pneumatic,1
toolroom,1
sportwear,1
kawasaki,1
pancake,1
jewish,1
teppanyaki,1
cantonese,1
logging,1
entry,1
feature,1
elevated,1
ashram,1
adjuster,1
coast,1
eating,1
disorder,1
pumping,1
collector,1
malaysian,1
disciples,1
dam,1
height,1
charcuterie,1
psychoneurological,1
physiotherapy,1
lincoln,1
truss,1
shining,1
psychology,1
ring,1
dim,1
sum,1
bikram,1
jewellery,1
staffing,1
prefabricated,1
metropolitan,1
foundry,1
microbiologist,1
insolvency,1
raw,1
aerobics,1
ropes,1
novelties,1
canoeing,1
yakiniku,1
livery,1
taxicab,1
moroccan,1
friends,1
cz,1
jet,1
camper,1
shell,1
belgian,1
collecting,1
ayurvedic,1
clergyman,1
hay,1
rare,1
handball,1
pinball,1
scouting,1
desktop,1
publishing,1
tram,1
lots,1
sales,1
promotion,1
rack,1
kia,1
roads,1
ports,1
canals,1
ventilating,1
magazine,1
falafel,1
infectious,1
disease,1
scandinavian,1
map,1
childbirth,1
windmill,1
sambo,1
dietitian,1
start,1
mongolian,1
aeroclub,1
cabaret,1
farmstay,1
cash,1
carry,1
crime,1
victim,1
equity,1
stainless,1
persian,1
choir,1
disabled,1
gasket,1
seal,1
knit,1
underwear,1
monopoly,1
farmer,1
hatchery,1
lawyers,1
precision,1
amateur,1
motoring,1
moravian,1
notions,1
fortune,1
telling,1
compressed,1
detective,1
footwear,1
bricklayer,1
roommate,1
travellers,1
cutter,1
flowers,1
volvo,1
sake,1
celebrant,1
hub,1
cap,1
tyre,1
safari,1
consumer,1
advice,1
tunnel,1
superfund,1
norwegian,1
mold,1
clearance,1
polish,1
beverages,1
cooler,1
aston,1
martin,1
hong,1
kong,1
coaster,1
rolled,1
canadian,1
composer,1
skydiving,1
hyundai,1
seasoning,1
haitian,1
ducati,1
hyperbaric,1
sculptor,1
samba,1
swedish,1
anime,1
pets,1
dynamometer,1
curry,1
nightlife,1
knitting,1
flour,1
payphone,1
cannery,1
disposable,1
tableware,1
shade,1
distance,1
ukrainian,1
airstrip,1
gemologist,1
northern,1
study,1
wicker,1
triumph,1
die,1
toiletries,1
pre,1
lifesaving,1
rainwater,1
creche,1
taoist,1
acrobatic,1
shabu-shabu,1
blues,1
cng,1
fittment,1
dish,1
chophouse,1
doula,1
psychosomatic,1
endoscopist,1
yeshiva,1
lagoon,1
squad,1
acura,1
marines,1
buses,1
wok,1
test,1
motocross,1
conveyor,1
vcr,1
infiniti,1
architects,1
jain,1
horsestable,1
studfarm,1
numerologist,1
rapids,1
pueblan,1
kilt,1
stripping,1
instrumentation,1
workers,1
pozole,1
trust,1
nepalese,1
welfare,1
barrel,1
fixture,1
hydroelectric,1
voter,1
portfolio,1
graffiti,1
battle,1
airsoft,1
pig,1
sexologist,1
photovoltaic,1
boating,1
crop,1
ceramic,1
cape,1
verdean,1
intellectual,1
tb,1
decorating,1
mountaineering,1
continental,1
notaries,1
ferris,1
soapland,1
bariatric,1
co-ed,1
drone,1
photograph,1
bookmaker,1
pantry,1
manor,1
mini,1
abundant,1
3d,1
shopfitter,1
miniatures,1
ladder,1
grinding,1
age,1
pmu,1
biking,1
terrain,1
pastelaria,1
webcam,1
anodizer,1
shipbuilding,1
studying,1
lighthouse,1
crisis,1
coalfield,1
blind,1
refrigerated,1
biryani,1
therapists,1
sundae,1
fund,1
seaport,1
stitching,1
preservation,1
bags,1
po,1
’,1
wholesalers,1
haberdashery,1
fondue,1
languages,1
harley-davidson,1
tonkatsu,1
leisure,1
greyhound,1
block,1
berry,1
apprenticeship,1
theatrical,1
capoeira,1
venezuelan,1
suburban,1
square,1
condiments,1
typing,1
kimono,1
pedestrian,1
leagues,1
ethnic,1
coppersmith,1
embossing,1
embassy,1
ruin,1
bangladeshi,1
sperm,1
sichuan,1
polymer,1
bowls,1
escalator,1
antenna,1
erotic,1
capsule,1
childminder,1
parochial,1
organ,1
tissue,1
desalination,1
cambodian,1
mercantile,1
computers,1
bentley,1
tesla,1
showroom,1
junior,1
literacy,1
muslim,1
unfinished,1
northwest,1
patisserie,1
corporation,1
churreria,1
uzbeki,1
drawing,1
egyptian,1
examinations,1
farming,1
prosecutors,1
georgian,1
folk,1
bocce,1
ball,1
lock,1
pan-latin,1
nicaraguan,1
mid-atlantic,1
bugatti,1
israeli,1
skittle,1
resin,1
fitted,1
wing,1
chun,1
incineration,1
plate,1
drugstore,1
romanian,1
basilica,1
billard,1
bottling,1
isuzu,1
shrimp,1
takoyaki,1
one,1
geologist,1
fitting,1
ties,1
stringed,1
afghani,1
plast,1
ware,1
missing,1
persons,1
supreme,1
beds,1
greengrocer,1
protected,1
yucatan,1
press,1
advisory,1
bahá,1
í,1
legally,1
defined,1
psychopedagogy,1
marking,1
windsurfing,1
helpline,1
cane,1
floridian,1
eritrean,1
biochemistry,1
burmese,1
bedstone,1
bilingual,1
pagoda,1
momo,1
textiles,1
parents,1
shanghainese,1
teahouse,1
slaughterhouse,1
hepatologist,1
basque,1
porridge,1
kerala,1
shinto,1
prawn,1
syrian,1
alumni,1
tuscan,1
raclette,1
operating,1
pine,1
ship,1
tiki,1
kinesiologist,1
ethnographic,1
transplant,1
pension,1
seat,1
hypermarket,1
floating,1
dyeworks,1
soy,1
sauce,1
tortilla,1
chilean,1
steamed,1
bun,1
markmens,1
clubhouse,1
croatian,1
geriatrician,1
lava,1
vegetation,1
paraguayan,1
lithuanian,1
volcano,1
kyoto,1
tongue,1
polynesian,1
tabac,1
gardening,1
fiat,1
ownership,1
angler,1
japanized,1
register,1
sicilian,1
yakitori,1
three,1
lamborghini,1
butane,1
punjabi,1
goldfish,1
rolls,1
royce,1
seaplane,1
velodrome,1
multimedia,1
oaxacan,1
uruguayan,1
yemenite,1
sri,1
lankan,1
carvery,1
user-operated,1
sizzler,1
cut,1
back,1
pile,1
puppet,1
costa,1
conscription,1
governors,1
england,1
bungee,1
jumping,1
inlet,1
desert,1
hakka,1
beef,1
rib,1
saab,1
favela,1
bulgarian,1
dogsled,1
kushiyaki,1
serbian,1
fugu,1
hungarian,1
obanzai,1
unagi,1
platform,1
articles,1
turbine,1
cosplay,1
horseshoe,1
smith,1
feeds,1
tavern,1
states,1
restaurants,1
holder,1
male,1
hang,1
gliding,1
rim,1
atrium,1
abbey,1
zoology,1
filtration,1
aeromodel,1
eatery,1
houseboat,1
dune,1
pennsylvania,1
austrian,1
swiss,1
staple,1
orphanage,1
felt,1
boots,1
distributors,1
snowcenter,1
proofing,1
activities,1
rehearsal,1
delicatessen,1
ritual,1
czech,1
foreman,1
macrobiotic,1
systems,1
owned,1
ticketing,1
reenactment,1
singing,1
telegram,1
patients,1
catalonian,1
tunisian,1
soondae,1
syokudo,1
teishoku,1
dispenser,1
goan,1
topography,1
aqueduct,1
inclined,1
historic,1
couscous,1
crater,1
statue,1
dye,1
lido,1
zealand,1
greco-roman,1
roman,1
geyser,1
amenity,1
tibetan,1
offal,1
pontiac,1
chesapeake,1
imax,1
placement,1
asturian,1
kazakhstani,1
parapharmacy,1
gypsum,1
cigarette,1
estuary,1
match,1
grassland,1
danish,1
cheap,1
lost,1
mclaren,1
efficiency,1
swordsmanship,1
anago,1
piece,1
cooling,1
bazar,1
kostume,1
geography,1
aerated,1
budget,1
check-in,1
sciences,1
katsudon,1
specialist,1
cardiovascular,1
thoracic,1
dancing,1
signwriter,1
purifier,1
doors,1
renovation,1
petrochemical,1
worm,1
carnival,1
extinguisher,1
neurophysiologist,1
collectors,1
gondola,1
lift,1
seminar,1
biochemical,1
guardia,1
di,1
finanza,1
device,1
telecommunication,1
athletics,1
weaving,1
vastu,1
pilgrimage,1
pillar,1
homekill,1
relief,1
watering,1
hole,1
monorail,1
tatami,1
grow,1
kitchens,1
baths,1
kaiseki,1
nanotechnology,1
non-public,1
appeal,1
lyceum,1
hammam,1
girl,1
weir,1
election,1
commission,1
sea,1
fujian,1
conveyancer,1
venereologist,1
ds,1
automobiles,1
canopy,1
hobbies,1
love,1
turkmen,1
trolleybus,1
bonesetting,1
security-checked,1
yakisoba,1
furnishings,1
levee,1
champon,1
mass,1
salons,1
freelance,1
professionals,1
scrivener,1
bodega,1
huissier,1
welsh,1
seitai,1
exposed,1
torres,1
islander,1
kit,1
host,1
jiangsu,1
valencian,1
lpg,1
conversion,1
scottish,1
provence,1
glacier,1
souterrain,1
bullring,1
satay,1
meal,1
baggage,1
claim,1
toys,1
chettinad,1
playroom,1
sfiha,1
boundary,1
toboggan,1
run,1
crafts,1
trucks,1
concierge,1
delegated,1
shochu,1
mutton,1
oldsmobile,1
translation,1
lobby,1
casual,1
cracker,1
walkway,1
relaxation,1
croquet,1
courses,1
ecologists,1
seating,1
institutions,1
taxis,1
knitwear,1
cranes,1
steamboat,1
hawker,1
grammar,1
parsi,1
sundanese,1
beekeeping,1
defence,1
aeronautical,1
confluence,1
karma,1
places,1
interest,1
staircase,1
frituur,1
